sld,childslds,links,asns,prefixes,Rcolor
cloudflare.net, 184, 260541, 17, 81,6
yunjiasu-cdn.net, 68, 89260, 19, 93,6
pbwstatic.com, 36, 55872, 1, 2,6
jiashule.com, 29, 39637, 20, 109,6
edgecastcdn.net, 20, 72979, 2, 12,6
newpornmovs.com, 18, 18636, 1, 3,6
awsdns-08.net, 18, 22183, 1, 1,6
awsdns-11.org, 17, 45648, 1, 1,6
faplocator.com, 17, 30641, 1, 1,6
awsdns-23.co.uk, 17, 28054, 1, 3,6
anycast.me, 17, 17992, 4, 14,6
alikunlun.com, 16, 55343, 16, 68,6
trypornmovies.com, 15, 13705, 1, 3,6
8-d.com, 15, 14847, 1, 2,6
cdntip.com, 15, 44280, 7, 54,6
ourwebpic.com, 14, 98620, 5, 20,6
awsdns-40.com, 13, 22947, 1, 3,6
kxcdn.com, 13, 16207, 6, 7,6
us-east-1.elb.amazonaws.com, 13, 71538, 3, 117,6
hotmilfclips.com, 12, 13109, 1, 3,6
giga.xxx, 12, 14290, 1, 1,6
pix-cdn.org, 11, 22652, 1, 7,6
pornleaktube.com, 11, 12554, 1, 3,6
xxxxclips.com, 11, 11620, 1, 1,6
tlgslb.com, 10, 31441, 3, 11,6
eu-west-1.elb.amazonaws.com, 10, 41463, 2, 32,6
freehardxxx.com, 9, 11160, 1, 3,6
boxjizz.com, 8, 10772, 1, 1,6
ap-northeast-1.elb.amazonaws.com, 8, 16176, 2, 25,6
liveuamap.com, 7, 6997, 3, 5,6
kunlunar.com, 7, 19223, 9, 36,6
ucdn.com, 6, 7057, 1, 3,6
see.xxx, 6, 14629, 2, 5,6
windows.net, 6, 9090, 1, 14,6
oldgirlsporn.com, 6, 7281, 1, 2,6
akadns.net, 6, 12127, 68, 129,6
vseinstrumenti.ru, 6, 6301, 2, 7,6
mineralmarket.ru, 6, 9685, 1, 1,6
livedoor.jp, 6, 14626, 2, 6,6
wpengine.com, 6, 10748, 13, 79,6
dnspao.com, 5, 8764, 11, 19,6
sexfilmed.com, 5, 4779, 2, 2,6
atnbank.com, 5, 9104, 1, 1,6
abc188.com, 5, 4841, 4, 21,6
gfsale.com, 5, 3951, 1, 1,6
360safedns.com, 5, 14146, 15, 32,6
cdn20.com, 5, 11581, 14, 55,6
wdtcp.com, 4, 7031, 3, 6,6
ztshijie.com, 4, 7123, 1, 3,6
teacher.com.cn, 4, 5114, 5, 8,6
ap-southeast-1.elb.amazonaws.com, 4, 13494, 1, 22,6
pussylicking.me, 4, 3026, 2, 6,6
flashscore.mobi, 4, 4622, 1, 1,6
wherevent.com, 4, 4325, 0, 1,6
bidns.cn, 4, 3674, 5, 7,6
amazonaws.com, 4, 26952, 2, 101,6
missfit.ru, 4, 6959, 1, 1,6
d2t8dj4tr3q9od.cloudfront.net, 3, 7592, 1, 7,6
d5nxst8fruw4z.cloudfront.net, 3, 5388, 1, 7,6
cdn13.com, 3, 4523, 1, 7,6
mango918.com, 3, 5201, 1, 1,6
pornpicture.org, 3, 6338, 1, 2,6
footprint.net, 3, 23801, 3, 20,6
pronews.gr, 3, 2649, 1, 1,6
pearl.fr, 3, 3012, 1, 5,6
ziyu.net, 3, 2801, 2, 4,6
spartoo.com, 3, 6413, 1, 1,6
us-west-2.elb.amazonaws.com, 3, 15772, 3, 50,6
downloadspeed.ir, 3, 3482, 2, 3,6
sina.com.cn, 3, 3494, 8, 29,6
ccgslb.com.cn, 3, 14770, 25, 109,6
newsextv.com, 3, 3039, 2, 2,6
google.com, 3, 200650, 1, 22,6
powercdn.cn, 3, 6986, 10, 30,6
ptwp.pl, 2, 2050, 1, 4,6
1000.menu, 2, 2658, 1, 2,6
rf-sp.ru, 2, 2085, 1, 2,6
clipartpng.com, 2, 3470, 1, 2,6
pigu.lt, 2, 4475, 1, 2,6
tsu.ru, 2, 1986, 3, 7,6
mammothtube.com, 2, 3943, 1, 1,6
vatandownload.com, 2, 1931, 1, 6,6
huishoushang.com, 2, 2381, 1, 2,6
aliyuncs.com, 2, 3301, 1, 25,6
fis.ru, 2, 3710, 2, 4,6
rakuten.de, 2, 2357, 3, 3,6
alza.sk, 2, 2206, 0, 1,6
sitelockcdn.net, 2, 4808, 2, 8,6
moms-fuck.com, 2, 3688, 1, 1,6
pprgroup.net, 2, 4769, 2, 6,6
haowj.com.cn, 2, 2112, 0, 1,6
livescore.cz, 2, 3441, 1, 3,6
x8cdn.com, 2, 3082, 1, 2,6
jsd.cc, 2, 3534, 9, 18,6
sa-east-1.elb.amazonaws.com, 2, 3548, 1, 12,6
exoclick.com, 2, 3717, 3, 4,6
hanjuwang.com, 2, 3323, 1, 1,6
1a.lv, 2, 2804, 1, 1,6
ourglb0.com, 2, 26692, 5, 20,6
fashion-press.net, 2, 5480, 1, 1,6
ali213.net, 2, 2700, 3, 8,6
goldporntube.com, 2, 1871, 1, 1,6
sli-systems.net, 2, 2349, 8, 10,6
hotntubes.com, 2, 2022, 1, 4,6
cdngc.net, 2, 34091, 5, 38,6
verycdn.net, 2, 4482, 20, 85,6
thefappeningnew.com, 2, 3274, 1, 1,6
akamaiedge.net, 2, 311911, 7, 8,6
moongori.com, 2, 2865, 1, 1,6
car.ir, 2, 8558, 1, 3,6
probikeshop.fr, 2, 3662, 1, 1,6
akfiles.com, 2, 3581, 1, 1,6
kongfz.com, 2, 2289, 2, 3,6
worldcdn.net, 2, 2936, 11, 16,6
fastlylb.net, 1, 62574, 0, 6,6
eromangalife.com, 1, 7598, 2, 2,6
scutum.jp, 1, 3797, 4, 14,6
bezvasport.cz, 1, 1541, 1, 1,6
aiondatabase.net, 1, 2120, 1, 2,6
ntdtv.com, 1, 1432, 4, 8,6
xszhibo.com, 1, 1463, 1, 2,6
rebelsport.com.au, 1, 1185, 2, 2,6
histats.com, 1, 1709, 1, 3,6
p30download.com, 1, 2018, 2, 6,6
moto.it, 1, 1179, 1, 4,6
rutracker.org, 1, 1777, 1, 1,6
alicloudwaf.com, 1, 2041, 1, 2,6
lulu90.com, 1, 1384, 0, 1,6
comtech.de, 1, 1544, 1, 1,6
hottystop.com, 1, 3075, 1, 1,6
cps.com.cn, 1, 2006, 2, 5,6
ghanagrio.com, 1, 1278, 3, 5,6
trendybharat.com, 1, 1691, 0, 2,6
lgmi.com, 1, 1427, 2, 4,6
masterchan.org, 1, 1112, 1, 1,6
chhome.cn, 1, 1282, 1, 3,6
ezprice.com.tw, 1, 1304, 1, 1,6
rackspace.com, 1, 28482, 5, 15,6
emu-land.net, 1, 1573, 1, 1,6
iwatchxnxx.com, 1, 1619, 1, 2,6
inmotionhosting.com, 1, 1698, 3, 7,6
cloudflare.com, 1, 78887, 1, 7,6
tarh.ir, 1, 1812, 0, 1,6
azioncdn.net, 1, 1763, 1, 2,6
tokocamzone.com, 1, 1435, 1, 1,6
zol.com.cn, 1, 1139, 1, 1,6
ishibashi.co.jp, 1, 1470, 3, 4,6
58che.com, 1, 2525, 1, 2,6
eromangacafe.com, 1, 6427, 2, 2,6
eyny.com, 1, 1368, 1, 4,6
seasonvar.ru, 1, 9138, 1, 1,6
jeu.info, 1, 1639, 2, 2,6
shopotam.ru, 1, 1694, 2, 3,6
atos.net, 1, 1891, 3, 2,6
amazon.com, 1, 1817, 1, 9,6
xvideos-jp.org, 1, 2058, 1, 1,6
erodoujinworld.com, 1, 7642, 1, 2,6
shopat7.com, 1, 1290, 1, 5,6
boardlife.co.kr, 1, 1388, 1, 1,6
smartadserver.com, 1, 1496, 3, 3,6
akamai.net, 1, 276477, 5, 12,6
qjy168.com, 1, 1907, 1, 1,6
oomall.com, 1, 1463, 1, 1,6
ap-southeast-2.elb.amazonaws.com, 1, 2907, 2, 14,6
offcn.com, 1, 2313, 4, 5,6
nicovideo.jp, 1, 1332, 3, 5,6
dmm.co.jp, 1, 1382, 4, 9,6
zhibo8.cc, 1, 1660, 2, 14,6
220-volt.ru, 1, 1648, 1, 2,6
onlineguru.ru, 1, 1224, 1, 1,6
nowinstock.net, 1, 1761, 1, 1,6
rutracker-pro.org, 1, 1657, 1, 1,6
lesbiantube.club, 1, 1338, 1, 3,6
gradeuptube.com, 1, 2107, 2, 2,6
kinomania.ru, 1, 1640, 2, 3,6
fuz.com.cn, 1, 2246, 1, 4,6
okay.cz, 1, 1503, 2, 2,6
wscloudsec.com, 1, 2910, 3, 8,6
second-ns.de, 1, 5872, 1, 1,6
sekaimon.com, 1, 1785, 2, 3,6
compromat.ru, 1, 1273, 1, 1,6
rncdn7.com, 1, 4601, 1, 2,6
yaoichan.me, 1, 1945, 1, 1,6
frivjogosonline.com.br, 1, 1574, 1, 3,6
hackers.ac, 1, 1488, 1, 1,6
nghmat.com, 1, 1652, 2, 4,6
hao315.com, 1, 1352, 2, 2,6
eu-central-1.elb.amazonaws.com, 1, 6543, 1, 7,6
beppegrillo.it, 1, 1227, 1, 2,6
quoteinvestigator.com, 1, 1386, 1, 5,6
qq.com, 1, 4533, 14, 90,6
srt.cn, 1, 2128, 2, 11,6
tvseriesfinale.com, 1, 3081, 1, 1,6
fedorahosted.org, 1, 2428, 1, 1,6
maxns.net, 1, 2681, 1, 1,6
samlib.ru, 1, 5650, 1, 1,6
eromanga-kingdom.com, 1, 12181, 1, 2,6
1994hiphop.com, 1, 5514, 1, 1,6
idol-blog.com, 1, 1546, 1, 1,6
freeyoungpornmovies.sexy, 1, 1174, 1, 1,6
