sld,childslds,links,asns,prefixes,Rcolor
akamaiedge.net, 2, 311911, 7, 8,1
akamai.net, 1, 276477, 5, 12,1
cloudflare.net, 184, 260541, 17, 81,4
google.com, 3, 200650, 1, 22,1
ourwebpic.com, 14, 98620, 5, 20,6
yunjiasu-cdn.net, 68, 89260, 19, 93,5
cloudflare.com, 1, 78887, 1, 7,5
edgecastcdn.net, 20, 72979, 2, 12,6
us-east-1.elb.amazonaws.com, 13, 71538, 3, 117,10
incapdns.net, 0, 65520, 7, 27,6
dynect.net, 0, 62757, 1, 5,6
fastlylb.net, 1, 62574, 0, 6,6
pbwstatic.com, 36, 55872, 1, 2,6
alikunlun.com, 16, 55343, 16, 68,6
netdna-cdn.com, 1, 54327, 3, 4,6
awsdns-11.org, 17, 45648, 1, 1,3
facebook.com, 0, 45223, 1, 2,3
cdntip.com, 15, 44280, 7, 54,6
twitter.com, 0, 42964, 2, 1,3
eu-west-1.elb.amazonaws.com, 10, 41463, 2, 32,6
jiashule.com, 29, 39637, 20, 109,2
googleusercontent.com, 0, 34872, 1, 12,6
cdngc.net, 2, 34091, 5, 38,6
gandi.net, 0, 33601, 2, 7,6
tlgslb.com, 10, 31441, 3, 11,6
faplocator.com, 17, 30641, 1, 1,6
rackspace.com, 1, 28482, 5, 15,6
awsdns-23.co.uk, 17, 28054, 1, 3,6
wp.com, 0, 27304, 1, 2,6
amazonaws.com, 4, 26952, 2, 101,2
ourglb0.com, 2, 26692, 5, 20,6
footprint.net, 3, 23801, 3, 20,6
awsdns-40.com, 13, 22947, 1, 3,6
pix-cdn.org, 11, 22652, 1, 7,6
awsdns-08.net, 18, 22183, 1, 1,6
kunlunar.com, 7, 19223, 9, 36,6
newpornmovs.com, 18, 18636, 1, 3,6
livejournal.com, 0, 18175, 1, 3,6
anycast.me, 17, 17992, 4, 14,6
googledomains.com, 0, 17264, 1, 5,6
kxcdn.com, 13, 16207, 6, 7,6
ap-northeast-1.elb.amazonaws.com, 8, 16176, 2, 25,6
fc2.me, 1, 16096, 1, 1,6
hwcdn.net, 0, 15820, 1, 4,6
us-west-2.elb.amazonaws.com, 3, 15772, 3, 50,6
8-d.com, 15, 14847, 1, 2,6
ccgslb.com.cn, 3, 14770, 25, 109,2
see.xxx, 6, 14629, 2, 5,6
livedoor.jp, 6, 14626, 2, 6,6
giga.xxx, 12, 14290, 1, 1,6
360safedns.com, 5, 14146, 15, 32,6
insnw.net, 0, 14132, 2, 2,6
kunlunca.com, 0, 13804, 5, 14,6
trypornmovies.com, 15, 13705, 1, 3,6
llnwd.net, 0, 13515, 1, 5,6
ap-southeast-1.elb.amazonaws.com, 4, 13494, 1, 22,6
hotmilfclips.com, 12, 13109, 1, 3,6
akam.net, 0, 12882, 1, 22,6
pornleaktube.com, 11, 12554, 1, 3,6
eromanga-kingdom.com, 1, 12181, 1, 2,6
akadns.net, 6, 12127, 68, 129,2
xxxxclips.com, 11, 11620, 1, 1,6
cdn20.com, 5, 11581, 14, 55,6
freehardxxx.com, 9, 11160, 1, 3,6
boxjizz.com, 8, 10772, 1, 1,6
wpengine.com, 6, 10748, 13, 79,8
mineralmarket.ru, 6, 9685, 1, 1,6
speedcdns.com, 0, 9465, 2, 3,6
seasonvar.ru, 1, 9138, 1, 1,6
atnbank.com, 5, 9104, 1, 1,6
ns14.net, 0, 9103, 4, 7,6
windows.net, 6, 9090, 1, 14,6
cdnga.net, 0, 8963, 5, 28,6
dnspao.com, 5, 8764, 11, 19,6
ourwebcdn.com, 0, 8683, 7, 35,6
car.ir, 2, 8558, 1, 3,6
yahoodns.net, 0, 7881, 12, 26,6
wordpress.com, 0, 7740, 2, 4,6
yottaa.net, 0, 7725, 5, 16,6
erodoujinworld.com, 1, 7642, 1, 2,6
eromangalife.com, 1, 7598, 2, 2,6
d2t8dj4tr3q9od.cloudfront.net, 3, 7592, 1, 7,6
uol.com.br, 0, 7470, 4, 25,6
he.net, 0, 7420, 1, 4,6
oldgirlsporn.com, 6, 7281, 1, 2,6
ztshijie.com, 4, 7123, 1, 3,6
ucdn.com, 6, 7057, 1, 3,6
wdtcp.com, 4, 7031, 3, 6,6
liveuamap.com, 7, 6997, 3, 5,6
powercdn.cn, 3, 6986, 10, 30,6
missfit.ru, 4, 6959, 1, 1,6
vtex.com.br, 0, 6678, 1, 3,6
eu-central-1.elb.amazonaws.com, 1, 6543, 1, 7,6
netdna-ssl.com, 0, 6499, 3, 1,6
dtag.de, 0, 6484, 1, 1,6
eromangacafe.com, 1, 6427, 2, 2,6
spartoo.com, 3, 6413, 1, 1,6
pornpicture.org, 3, 6338, 1, 2,6
vseinstrumenti.ru, 6, 6301, 2, 7,6
shopify.com, 0, 6300, 1, 1,6
mdanderson.org, 0, 6221, 1, 3,6
ero-comic-hunter.net, 0, 5888, 1, 1,6
second-ns.de, 1, 5872, 1, 1,6
ourwebat.com, 0, 5790, 2, 4,6
dtag.net, 0, 5753, 1, 1,6
eromanga-sokuhou.com, 0, 5726, 2, 2,6
chinazcache.net, 0, 5659, 2, 4,6
samlib.ru, 1, 5650, 1, 1,6
hinet.net, 0, 5564, 1, 12,6
aicdn.com, 0, 5537, 2, 2,6
1994hiphop.com, 1, 5514, 1, 1,6
fashion-press.net, 2, 5480, 1, 1,6
izbirkom.ru, 0, 5427, 1, 1,6
d5nxst8fruw4z.cloudfront.net, 3, 5388, 1, 7,6
googlehosted.com, 0, 5249, 1, 10,6
mango918.com, 3, 5201, 1, 1,6
teacher.com.cn, 4, 5114, 5, 8,6
recursos.es, 0, 4941, 1, 2,6
cloudglb.com, 0, 4869, 4, 10,6
abc188.com, 5, 4841, 4, 21,6
sitelockcdn.net, 2, 4808, 2, 8,6
sexfilmed.com, 5, 4779, 2, 2,6
qingcdn.com, 0, 4770, 3, 3,6
pprgroup.net, 2, 4769, 2, 6,6
cdnbay.com, 0, 4758, 1, 2,6


